FLASH恋人.ws, FLASH lian ren.ws
SD高达 G世代2.ws, SD gao da G shi dai 2.ws
SD高达 独眼高达.ws, SD gao da du yan gao da.ws
SD高达 年代战记UC.ws, SD gao da nian dai zhan ji UC.ws
SD高达英雄传 骑士传说.ws, SD gao da ying xiong chuan qi shi chuan shuo.ws
SD高达英雄传 武者传说.ws, SD gao da ying xiong chuan wu zhe chuan shuo.ws
奥特曼 光之国的使者.ws, ao te man guang zhi guo de shi zhe.ws
半熟英雄.ws, ban shu ying xiong.ws
爆钻小英雄.ws, bao zuan xiao ying xiong.ws
超级机器人大战 精华版1.ws, chao ji ji qi ren da zhan jing hua ban 1.ws
超级机器人大战 精华版3.ws, chao ji ji qi ren da zhan jing hua ban 3.ws
动感娃娃.ws, dong gan wa wa.ws
俄罗斯方块.ws, e luo si fang kuai.ws
复活邪神.ws, fu huo xie shen.ws
海贼王 乔巴大冒险.ws, hai zei wang qiao ba da mao xian.ws
海贼王 伟大之战.ws, hai zei wang wei da zhi zhan.ws
黑暗之眼 战斗闸门.ws, hei an zhi yan zhan dou zha men.ws
幻想魔传最游记 阳炎之所.ws, huan xiang mo chuan zui you ji yang yan zhi suo.ws
火影忍者.ws, huo ying ren zhe.ws
机动战士高达Seed.ws, ji dong zhan shi gao da Seed.ws
机动战士高达Vol.1 Side7.ws, ji dong zhan shi gao da Vol.1 Side7.ws
机动战士高达Vol.2 Jaburo.ws, ji dong zhan shi gao da Vol.2 Jaburo.ws
机器猫.ws, ji qi mao.ws
恐怖传说2.ws, kong bu chuan shuo 2.ws
炼金术士玛莉&艾莉.ws, lian jin shu shi ma li & ai li.ws
猎人X猎人 抉择.ws, lie ren X lie ren jue ze.ws
猎人X猎人 贪婪岛.ws, lie ren X lie ren tan lan dao.ws
猎人X猎人 引导者.ws, lie ren X lie ren yin dao zhe.ws
陆行鸟大冒险.ws, lu xing niao da mao xian.ws
洛克人EXE N1大战.ws, luo ke ren EXE N1 da zhan.ws
洛克人EXE.ws, luo ke ren EXE.ws
名侦探柯南 簧昏时的皇女.ws, ming zhen tan ke nan huang hun shi de huang nv.ws
魔剑X.ws, mo jian X.ws
魔界塔士.ws, mo jie ta shi.ws
七龙珠.ws, qi long zhu.ws
前线任务.ws, qian xian ren wu.ws
犬夜叉 风云绘卷.ws, quan ye cha feng yun hui juan.ws
犬夜叉.ws, quan ye cha.ws
三毛探案.ws, san mao tan an.ws
圣斗士星矢 黄金传说篇.ws, sheng dou shi xing shi huang jin chuan shuo pian.ws
圣骑士之战1.ws, sheng qi shi zhi zhan 1.ws
圣骑士之战2.ws, sheng qi shi zhi zhan 2.ws
数码宝贝 阴阳极版.ws, shu ma bao bei yin yang ji ban.ws
数码暴龙 格斗天王.ws, shu ma bao long ge dou tian wang.ws
通灵王子 未来的意志.ws, tong ling wang zi wei lai de yi zhi.ws
仙界传2.ws, xian jie chuan 2.ws
星辰战士.ws, xing chen zhan shi.ws
妖精战士 机神复活.ws, yao jing zhan shi ji shen fu huo.ws
永远和你在一起.ws, yong yuan he ni zai yi qi.ws
宇宙战舰大和号.ws, yu zhou zhan jian da he hao.ws
约束之地.ws, yue shu zhi di.ws
战斧.ws, zhan fu.ws
最终幻想I.ws, zui zhong huan xiang I.ws
最终幻想II.ws, zui zhong huan xiang II.ws
最终幻想IV.ws, zui zhong huan xiang IV.ws
