PCYR2.zip, PCYR2.zip
爆笑三国志.zip, bao xiao san guo zhi.zip
超级医生.zip, chao ji yi sheng.zip
大明英雄传.zip, da ming ying xiong chuan.zip
封神演义.zip, feng shen yan yi.zip
富甲天下.zip, fu jia tian xia.zip
光明圣使团.zip, guang ming sheng shi tuan.zip
金庸群侠传.zip, jin yong qun xia chuan.zip
乱世伏魔录.zip, luan shi fu mo lu.zip
三国志雄霸天下.zip, san guo zhi xiong ba tian xia.zip
射雕英雄传.zip, she diao ying xiong chuan.zip
天外剑圣录.zip, tian wai jian sheng lu.zip
嬉笑春秋.zip, xi xiao chun qiu.zip
仙剑奇侠传.zip, xian jian qi xia chuan.zip
轩辕剑1.zip, xuan yuan jian 1.zip
炎龙骑士团1.zip, yan long qi shi tuan 1.zip
