1943改.pce, 1943 gai.pce
F武装战机.pce, F wu zhuang zhan ji.pce
F1大赛车.pce, F1 da sai che.pce
F1驾驶员-王中之王.pce, F1 jia shi yuan - wang zhong zhi wang.pce
F1竞技场91 世界锦标赛.pce, F1 jing ji chang 91 shi jie jin biao sai.pce
F1竞技场92 音速.pce, F1 jing ji chang 92 yin su.pce
F1竞技场.pce, F1 jing ji chang.pce
F1之梦.pce, F1 zhi meng.pce
Gunhed.pce, Gunhed.pce
J联盟伟大11人.pce, J lian meng wei da 11 ren.pce
Naxat棒球.pce, Naxat bang qiu.pce
Naxat高尔夫公开赛.pce, Naxat gao er fu gong kai sai.pce
P47 自由战士.pce, P47 zi you zhan shi.pce
PC电人.pce, PC dian ren.pce
PC原人2.pce, PC yuan ren 2.pce
PC原人3.pce, PC yuan ren 3.pce
PC原人.pce, PC yuan ren.pce
Q版沙罗曼蛇.pce, Q ban sha luo man she.pce
ROCK ON.pce, ROCK ON.pce
Spin Pair.pce, Spin Pair.pce
艾吉娜.pce, ai ji na.pce
爱丽丝冒险世界.pce, ai li si mao xian shi jie.pce
爱丽丝梦游仙境.pce, ai li si meng you xian jing.pce
暗黑传说.pce, an hei chuan shuo.pce
暗夜生物.pce, an ye sheng wu.pce
柏青夫君 十番胜负.pce, bai qing fu jun shi fan sheng fu.pce
暴力冰上曲棍球.pce, bao li bing shang qu gun qiu.pce
宝伦大作战.pce, bao lun da zuo zhan.pce
宝石方块.pce, bao shi fang kuai.pce
爆笑人.pce, bao xiao ren.pce
蝙蝠侠.pce, bian fu xia.pce
弁庆外传.pce, bian qing wai zhuan.pce
兵峰.pce, bing feng.pce
彩虹岛2 遮阳伞之星.pce, cai hong dao 2 zhe yang san zhi xing.pce
场式足球.pce, chang shi zu qiu.pce
超级棒球联盟2.pce, chao ji bang qiu lian meng 2.pce
超级棒球联盟3.pce, chao ji bang qiu lian meng 3.pce
超级棒球联盟4.pce, chao ji bang qiu lian meng 4.pce
超级棒球联盟5.pce, chao ji bang qiu lian meng 5.pce
超级棒球联盟93.pce, chao ji bang qiu lian meng 93.pce
超级棒球联盟.pce, chao ji bang qiu lian meng.pce
超级高尔夫.pce, chao ji gao er fu.pce
超级金属杀手.pce, chao ji jin shu sha shou.pce
超级排球.pce, chao ji pai qiu.pce
超级赛车.pce, chao ji sai che.pce
超级桃太郎电铁2.pce, chao ji tao tai lang dian tie 2.pce
超级桃太郎电铁.pce, chao ji tao tai lang dian tie.pce
超级铁板阵.pce, chao ji tie ban zhen.pce
超级网球.pce, chao ji wang qiu.pce
超级星际战士.pce, chao ji xing ji zhan shi.pce
超级运动员.pce, chao ji yun dong yuan.pce
超级足球.pce, chao ji zu qiu.pce
超绝伦人.pce, chao jue lun ren.pce
超空战机.pce, chao kong zhan ji.pce
成龙之龙.pce, cheng long zhi long.pce
城市猎人.pce, cheng shi lie ren.pce
吃豆人.pce, chi dou ren.pce
冲破火网2.pce, chong po huo wang 2.pce
吹波糖危机.pce, chui bo tang wei ji.pce
槌球大赛.pce, chui qiu da sai.pce
大地文章.pce, da di wen zhang.pce
打水果.pce, da shui guo.pce
大相扑 平成版.pce, da xiang pu ping cheng ban.pce
大旋风.pce, da xuan feng.pce
地底の大魔宫.pce, di di の da mo gong.pce
地狱之旅.pce, di yu zhi lv.pce
定吉七番.pce, ding ji qi fan.pce
动物金头脑.pce, dong wu jin tou nao.pce
都市计划.pce, du shi ji hua.pce
哆啦A梦 阿拉伯之夜.pce, duo la A meng a la bo zhi ye.pce
哆啦A梦 迷宫大作战.pce, duo la A meng mi gong da zuo zhan.pce
恶魔传.pce, e mo chuan.pce
飞装骑兵.pce, fei zhuang qi bing.pce
凤凰战机.pce, feng huang zhan ji.pce
疯狂前进.pce, feng kuang qian jin.pce
疯狂赛车.pce, feng kuang sai che.pce
疯狂摔角.pce, feng kuang shuai jiao.pce
改造超人2.pce, gai zao chao ren 2.pce
改造超人.pce, gai zao chao ren.pce
高尔夫少年.pce, gao er fu shao nian.pce
功夫.pce, gong fu.pce
怪兽摔角.pce, guai shou shuai jiao.pce
关原之役.pce, guan yuan zhi yi.pce
鬼屋.pce, gui wu.pce
海底神话.pce, hai di shen hua.pce
核心战机.pce, he xin zhan ji.pce
亨利先生的大冒险.pce, heng li xian sheng de da mao xian.pce
虎之道.pce, hu zhi dao.pce
花式撞球.pce, hua shi zhuang qiu.pce
花札爱好者俱乐部.pce, hua zha ai hao zhe ju le bu.pce
化妆舞会之谜.pce, hua zhuang wu hui zhi mi.pce
幻想空间.pce, huan xiang kong jian.pce
幻影战机.pce, huan ying zhan ji.pce
幻之大地.pce, huan zhi da di.pce
机动劲旅.pce, ji dong jing lv.pce
极乐中华大仙.pce, ji le zhong hua da xian.pce
激烈战斗.pce, ji lie zhan dou.pce
机器人躲避球.pce, ji qi ren duo bi qiu.pce
将棋 初段一直线.pce, jiang qi chu duan yi zhi xian.pce
将棋 初段者无用.pce, jiang qi chu duan zhe wu yong.pce
结构足球 休曼杯90.pce, jie gou zu qiu xiu man bei 90.pce
街头霸王2 冠军版.pce, jie tou ba wang 2 guan jun ban.pce
究极虎.pce, jiu ji hu.pce
绝对合体.pce, jue dui he ti.pce
卡达叙传说.pce, ka da xu chuan shuo.pce
开心苹果棋.pce, kai xin ping guo qi.pce
恐龙女战士.pce, kong long nv zhan shi.pce
雷电.pce, lei dian.pce
连锁方块.pce, lian suo fang kuai.pce
琉球.pce, liu qiu.pce
龙宝宝.pce, long bao bao.pce
龙魂.pce, long hun.pce
龙之刃.pce, long zhi ren.pce
龙之子.pce, long zhi zi.pce
罗比.pce, luo bi.pce
旅馆王.pce, lv guan wang.pce
麻将霸王传.pce, ma jiang ba wang chuan.pce
麻将刺客列传 麻雀战争.pce, ma jiang ci ke lie zhuan ma que zhan zheng.pce
麻将悟空特别版.pce, ma jiang wu kong te bie ban.pce
麻将学院 东间宗四郎登场 温和版.pce, ma jiang xue yuan dong jian zong si lang deng chang wen he ban.pce
麻将学院 东间宗四郎登场 限制版.pce, ma jiang xue yuan dong jian zong si lang deng chang xian zhi ban.pce
马桶小子.pce, ma tong xiao zi.pce
毛毛虫.pce, mao mao chong.pce
毛球历险记.pce, mao qiu li xian ji.pce
冒险岛.pce, mao xian dao.pce
冒险男爵.pce, mao xian nan jue.pce
帽子方块.pce, mao zi fang kuai.pce
美国职业篮球.pce, mei guo zhi ye lan qiu.pce
美女外传2.pce, mei nv wai zhuan 2.pce
迷宫塔.pce, mi gong ta.pce
迷魂方块.pce, mi hun fang kuai.pce
迷魂阵.pce, mi hun zhen.pce
明日之星摔角.pce, ming ri zhi xing shuai jiao.pce
魔洞战记.pce, mo dong zhan ji.pce
魔幻弹珠台.pce, mo huan dan zhu tai.pce
魔界八犬传.pce, mo jie ba quan chuan.pce
魔界王子.pce, mo jie wang zi.pce
魔境传说.pce, mo jing chuan shuo.pce
魔神英雄传.pce, mo shen ying xiong chuan.pce
摩托车大赛.pce, mo tuo che da sai.pce
木匠兄弟.pce, mu jiang xiong di.pce
男人世界.pce, nan ren shi jie.pce
尼克罗斯要塞.pce, ni ke luo si yao sai.pce
逆袭2.pce, ni xi 2.pce
女人快打2.pce, nv ren kuai da 2.pce
女武士传说.pce, nv wu shi chuan shuo.pce
欧坦救美.pce, ou tan jiu mei.pce
霹雳游侠.pce, pi li you xia.pce
凄狂传说.pce, qi kuang chuan shuo.pce
奇奇怪界.pce, qi qi guai jie.pce
青驴神话.pce, qing lv shen hua.pce
拳王争霸.pce, quan wang zheng ba.pce
燃烧天使.pce, ran shao tian shi.pce
热血高校躲避球部 PC番外篇.pce, re xue gao xiao duo bi qiu bu PC fan wai pian.pce
热血高校躲避球部 PC足球篇.pce, re xue gao xiao duo bi qiu bu PC zu qiu pian.pce
热血摔角2.pce, re xue shuai jiao 2.pce
热血摔角3.pce, re xue shuai jiao 3.pce
热血摔角.pce, re xue shuai jiao.pce
忍者龙剑传.pce, ren zhe long jian chuan.pce
忍者战士.pce, ren zhe zhan shi.pce
忍.pce, ren.pce
森田将棋.pce, sen tian jiang qi.pce
沙罗曼蛇.pce, sha luo man she.pce
闪灵悍将.pce, shan ling han jiang.pce
上海.pce, shang hai.pce
少爷冒险.pce, shao ye mao xian.pce
射击天狗.pce, she ji tian gou.pce
神剑传说2.pce, shen jian chuan shuo 2.pce
神奇女孩.pce, shen qi nv hai.pce
神武传承.pce, shen wu chuan cheng.pce
胜利高尔夫.pce, sheng li gao er fu.pce
胜利赛车.pce, sheng li sai che.pce
世界棒球91.pce, shi jie bang qiu 91.pce
世界棒球.pce, shi jie bang qiu.pce
世界冒险记2.pce, shi jie mao xian ji 2.pce
世界冒险记.pce, shi jie mao xian ji.pce
世界赛马.pce, shi jie sai ma.pce
世界沙滩排球.pce, shi jie sha tan pai qiu.pce
世界网球.pce, shi jie wang qiu.pce
兽王记.pce, shou wang ji.pce
树熊历险记.pce, shu xiong li xian ji.pce
水果机.pce, shui guo ji.pce
死灵战线.pce, si ling zhan xian.pce
死亡之月.pce, si wang zhi yue.pce
送货小子.pce, song huo xiao zi.pce
所罗门之钥.pce, suo luo men zhi yao.pce
太极球.pce, tai ji qiu.pce
太空哈利.pce, tai kong ha li.pce
太空模拟战.pce, tai kong mo ni zhan.pce
太空侵略者 复活之日.pce, tai kong qin lve zhe fu huo zhi ri.pce
太空兔罗比特别版.pce, tai kong tu luo bi te bie ban.pce
太空战斗机Plus.pce, tai kong zhan dou ji Plus.pce
太空战机Alpha.pce, tai kong zhan ji Alpha.pce
太平记.pce, tai ping ji.pce
泰坦球.pce, tai tan qiu.pce
淘金者 迷失迷宫.pce, tao jin zhe mi shi mi gong.pce
桃太郎传说2.pce, tao tai lang chuan shuo 2.pce
桃太郎传说 加强版.pce, tao tai lang chuan shuo jia qiang ban.pce
桃太郎传说外传.pce, tao tai lang chuan shuo wai zhuan.pce
桃太郎活剧.pce, tao tai lang huo ju.pce
天圣龙.pce, tian sheng long.pce
铁甲威龙.pce, tie jia wei long.pce
铁甲战车.pce, tie jia zhan che.pce
通讯少年.pce, tong xun shao nian.pce
玩具小子.pce, wan ju xiao zi.pce
未来赛车2.pce, wei lai sai che 2.pce
未来赛车.pce, wei lai sai che.pce
武田信玄.pce, wu tian xin xuan.pce
武裝刑事.pce, wu zhuang xing shi.pce
武裝战斗刑事.pce, wu zhuang zhan dou xing shi.pce
乌兹冲锋枪.pce, wu zi chong feng qiang.pce
西游记2.pce, xi you ji 2.pce
下载.pce, xia zai.pce
相聚一刻.pce, xiang ju yi ke.pce
小袋鼠.pce, xiao dai shu.pce
小蜜蜂88.pce, xiao mi feng 88.pce
小魔女.pce, xiao mo nv.pce
小英雄托马.pce, xiao ying xiong tuo ma.pce
邪圣剑.pce, xie sheng jian.pce
写真问答.pce, xie zhen wen da.pce
写真小子.pce, xie zhen xiao zi.pce
新冒险岛.pce, xin mao xian dao.pce
新西兰故事.pce, xin xi lan gu shi.pce
旋风任务.pce, xuan feng ren wu.pce
血狼.pce, xue lang.pce
炎之大地.pce, yan zhi da di.pce
炎之斗球儿 躲避球弹平.pce, yan zhi dou qiu er duo bi qiu dan ping.pce
妖怪道中记.pce, yao guai dao zhong ji.pce
妖魔传.pce, yao mo chuan.pce
异次元战机.pce, yi ci yuan zhan ji.pce
义警.pce, yi jing.pce
异形弹珠台.pce, yi xing dan zhu tai.pce
异形战机 I.pce, yi xing zhan ji I.pce
异形战机 II.pce, yi xing zhan ji II.pce
幽魂领地.pce, you hun ling di.pce
游戏人生.pce, you xi ren sheng.pce
宇宙达人.pce, yu zhou da ren.pce
宇宙警备队.pce, yu zhou jing bei dui.pce
宇宙双鹰.pce, yu zhou shuang ying.pce
宇宙巡航机.pce, yu zhou xun hang ji.pce
源平讨魔传系列卷二.pce, yuan ping tao mo chuan xi lie juan er.pce
源平讨魔传.pce, yuan ping tao mo chuan.pce
原子机械童.pce, yuan zi ji xie tong.pce
炸弹人93.pce, zha dan ren 93.pce
炸弹人94.pce, zha dan ren 94.pce
炸弹人.pce, zha dan ren.pce
战斗躲避球.pce, zhan dou duo bi qiu.pce
战斗淘金者.pce, zhan dou tao jin zhe.pce
战斗直升机.pce, zhan dou zhi sheng ji.pce
战国麻雀.pce, zhan guo ma que.pce
战士之刃.pce, zhan shi zhi ren.pce
真实拳击.pce, zhen shi quan ji.pce
职业棒球89.pce, zhi ye bang qiu 89.pce
职业棒球90.pce, zhi ye bang qiu 90.pce
终级警探.pce, zhong ji jing tan.pce
终级赛车.pce, zhong ji sai che.pce
终级网球.pce, zhong ji wang qiu.pce
逐电屋藤兵卫.pce, zhu dian wu teng bing wei.pce
追踪刑警.pce, zhui zong xing jing.pce
最后的忍道.pce, zui hou de ren dao.pce
最终战机.pce, zui zhong zhan ji.pce
