大逆转裁判2 成步堂龙之介的觉悟.cci,da ni zhuan cai pan 2 cheng bu tang long zhi jie de jue wu.cci
大逆转裁判 成步堂龙之介的冒险.cci,da ni zhuan cai pan cheng bu tang long zhi jie de mao xian.cci
洞窟物语3D.cci,dong ku wu yu 3D.cci
火焰纹章：觉醒.cci,huo yan wen zhang ： jue xing.cci
火焰纹章：IF.cci,huo yan wen zhang ：IF.cci
极限脱出2 善人死亡.cci,ji xian tuo chu 2 shan ren si wang.cci
极限脱出3 零时困境.cci,ji xian tuo chu 3 ling shi kun jing.cci
口袋妖怪究极红宝石.cci,kou dai yao guai jiu ji hong bao shi.cci
口袋妖怪始源蓝宝石.cci,kou dai yao guai shi yuan lan bao shi.cci
雷顿教授VS逆转裁判.cci,lei dun jiao shou VS ni zhuan cai pan.cci
雷顿教授与超文明A的遗产.cci,lei dun jiao shou yu chao wen ming A de yi chan.cci
雷顿教授与奇迹假面plus.3ds,lei dun jiao shou yu qi ji jia mian plus.3ds
雷顿女士富豪王的阴谋.cci,lei dun nv shi fu hao wang de yin mou.cci
马里奥3D大陆.cci,ma li ao 3D da lu.cci
脑锻炼5分钟魔鬼特训.cci,nao duan lian 5 fen zhong mo gui te xun.cci
逆转裁判123成步堂精选集.cci,ni zhuan cai pan 123 cheng bu tang jing xuan ji.cci
逆转裁判4.cci,ni zhuan cai pan 4.cci
逆转裁判5.cci,ni zhuan cai pan 5.cci
逆转裁判6.cci,ni zhuan cai pan 6.cci
热血硬派SP.cci,re xue ying pai SP.cci
塞尔达传说 三角力量英雄.cci,sai er da chuan shuo san jiao li liang ying xiong.cci
塞尔达传说 时之笛.cci,sai er da chuan shuo shi zhi di.cci
塞尔达传说 众神的三角力量2.cci,sai er da chuan shuo zhong shen de san jiao li liang 2.cci
山脊赛车3D.cci,shan ji sai che 3D.cci
未解决事件搜查科：遥远的记忆.cci,wei jie jue shi jian sou cha ke ： yao yuan de ji yi.cci
星之卡比三重彩.cci,xing zhi ka bi san chong cai.cci
勇气默示录 第二代.cci,yong qi mo shi lu di er dai.cci
勇气默示录 第一代.3ds,yong qi mo shi lu di yi dai.3ds
蒸汽世界 大劫掠.cci,zheng qi shi jie da jie lve.cci
重装机兵4.cci,zhong zhuang ji bing 4.cci
