3D德军总部.gba, 3D de jun zong bu.gba
CT特种部队1.gba, CT te zhong bu dui 1.gba
CT特种部队2.gba, CT te zhong bu dui 2.gba
CT特种部队3.gba, CT te zhong bu dui 3.gba
DOOM-毁灭战士2.gba, DOOM- hui mie zhan shi 2.gba
DOOM-毁灭战士.gba, DOOM- hui mie zhan shi.gba
GT职业概念锦标赛车.gba, GT zhi ye gai nian jin biao sai che.gba
J联盟足球职业创造球会.gba, J lian meng zu qiu zhi ye chuang zao qiu hui.gba
Q版赛车A.gba, Q ban sai che A.gba
R飞行队III.gba, R fei xing dui III.gba
RPG制造.gba, RPG zhi zao.gba
SD高达G世纪.gba, SD gao da G shi ji.gba
SD高达力量.gba, SD gao da li liang.gba
X战警2-狼人之复仇.gba, X zhan jing 2- lang ren zhi fu chou.gba
阿滋漫画大王.gba, a zi man hua dai wang.gba
艾克斯VS瑟娃-弹道专家2.gba, ai ke si VS se wa - dan dao zhuan jia 2.gba
艾克斯VS瑟娃.gba, ai ke si VS se wa.gba
奥特曼警备队-怪兽突击.gba, ao te man jing bei dui - guai shou tu ji.gba
暴力摩托.gba, bao li mo tuo.gba
爆转陀螺2002激斗赛-青龙之章.gba, bao zhuan tuo luo 2002 ji dou sai - qing long zhi zhang.gba
蝙蝠侠1-复仇.gba, bian fu xia 1- fu chou.gba
蝙蝠侠2-辛特组的复活.gba, bian fu xia 2- xin te zu de fu huo.gba
蝙蝠侠3-诞生.gba, bian fu xia 3- dan sheng.gba
蝙蝠小子.gba, bian fu xiao zi.gba
波斯王子-时之沙.gba, bo si wang zi - shi zhi sha.gba
彩虹6号.gba, cai hong 6 hao.gba
仓鼠天堂A.gba, cang shu tian tang A.gba
超级躲避球A.gba, chao ji duo bi qiu A.gba
超级火枪英雄.gba, chao ji huo qiang ying xiong.gba
超级机器人大战-原创世纪OG2.gba, chao ji ji qi ren da zhan - yuan chuang shi ji OG2.gba
超级机器人大战A.gba, chao ji ji qi ren da zhan A.gba
超级机器人大战D.gba, chao ji ji qi ren da zhan D.gba
超级机器人大战J.gba, chao ji ji qi ren da zhan J.gba
超级机器人大战OG.gba, chao ji ji qi ren da zhan OG.gba
超级机器人大战R.gba, chao ji ji qi ren da zhan R.gba
超级街霸对战方块2.gba, chao ji jie ba dui zhan fang kuai 2.gba
超级街头霸王2X-复苏.gba, chao ji jie tou ba wang 2X- fu su.gba
超级马里奥3-耀奇岛.gba, chao ji ma li ao 3- yao qi dao.gba
超级马里奥4.gba, chao ji ma li ao 4.gba
超级马里奥A.gba, chao ji ma li ao A.gba
超魔界村R.gba, chao mo jie cun R.gba
超人特工队.gba, chao ren te gong dui.gba
超时空要塞.gba, chao shi kong yao sai.gba
超写真麻雀同窗会.gba, chao xie zhen ma que tong chuang hui.gba
沉默的狙击手.gba, chen mo de ju ji shou.gba
沉默的遗迹-四狂神战记外传.gba, chen mo de yi ji - si kuang shen zhan ji wai zhuan.gba
成龙冒险-黑手党传说.gba, cheng long mao xian - hei shou dang chuan shuo.gba
城市救火英雄车.gba, cheng shi jiu huo ying xiong che.gba
传说世界-换装迷宫2.gba, chuan shuo shi jie - huan zhuang mi gong 2.gba
传说世界-换装迷宫3.gba, chuan shuo shi jie - huan zhuang mi gong 3.gba
纯情房东俏房客-祝福之钟声.gba, chun qing fang dong qiao fang ke - zhu fu zhi zhong sheng.gba
大盗伍佑卫门-新时代出动!.gba, da dao wu you wei men - xin shi dai chu dong !.gba
大金刚-摇摆之王.gba, da jin gang - yao bai zhi wang.gba
大力水手-冲向菠菜.gba, da li shui shou - chong xiang bo cai.gba
大麻雀.gba, da ma que.gba
大战略.gba, da zhan lve.gba
大众软件系列-数独.gba, da zhong ruan jian xi lie - shu du.gba
耽美梦想-吟游默示录.gba, dan mei meng xiang - yin you mo shi lu.gba
地球冒险3.gba, di qiu mao xian 3.gba
迪斯尼全明星体育系列-摩托车.gba, di si ni quan ming xing ti yu xi lie - mo tuo che.gba
迪斯尼狮子王.gba, di si ni shi zi wang.gba
迪斯尼仙履奇缘-奇幻之旅.gba, di si ni xian lv qi yuan - qi huan zhi lv.gba
迪斯尼星际宝贝1.gba, di si ni xing ji bao bei 1.gba
迪斯尼星际宝贝2.gba, di si ni xing ji bao bei 2.gba
电梯大作战-新版&旧版.gba, dian ti da zuo zhan - xin ban & jiu ban.gba
动物饲养员.gba, dong wu si yang yuan.gba
多卡邦怪物猎人.gba, duo ka bang guai wu lie ren.gba
恶灵骑士.gba, e ling qi shi.gba
恶魔城-白夜协奏曲.gba, e mo cheng - bai ye xie zou qu.gba
恶魔城-晓月圆舞曲.gba, e mo cheng - xiao yue yuan wu qu.gba
恶魔城-月之轮回.gba, e mo cheng - yue zhi lun hui.gba
非常间谍小子3D.gba, fei chang jian die xiao zi 3D.gba
分裂细胞：明日潘多拉.gba, fen lie xi bao ： ming ri pan duo la.gba
分裂细胞.gba, fen lie xi bao.gba
疯狂出租车.gba, feng kuang chu zu che.gba
疯狂越野摩托车.gba, feng kuang yue ye mo tuo che.gba
风之克罗诺亚1-梦见帝国.gba, feng zhi ke luo nuo ya 1- meng jian di guo.gba
风之克罗诺亚2-梦之选手巡回赛.gba, feng zhi ke luo nuo ya 2- meng zhi xuan shou xun hui sai.gba
风之克罗诺亚英雄-传说的星之徽章.gba, feng zhi ke luo nuo ya ying xiong - chuan shuo de xing zhi hui zhang.gba
福特赛车3.gba, fu te sai che 3.gba
钢铁帝国.gba, gang tie di guo.gba
钢之炼金术士-回忆之奏鸣曲.gba, gang zhi lian jin shu shi - hui yi zhi zou ming qu.gba
钢之炼金术士-迷走之轮舞曲.gba, gang zhi lian jin shu shi - mi zou zhi lun wu qu.gba
高达Seed-格斗篇.gba, gao da Seed- ge dou pian.gba
高级战争2-黑洞的升起.gba, gao ji zhan zheng 2- hei dong de sheng qi.gba
高级战争.gba, gao ji zhan zheng.gba
高校受验加强系列-英语熟语篇-650片语收录.gba, gao xiao shou yan jia qiang xi lie - ying yu shu yu pian -650 pian yu shou lu.gba
古惑狼-暴跳的罗彼德与紫色宝贝龙.gba, gu huo lang - bao tiao de luo bi de yu zi se bao bei long.gba
古惑狼-无尽的冒险.gba, gu huo lang - wu jin de mao xian.gba
古惑狼2.gba, gu huo lang 2.gba
古惑狼赛车.gba, gu huo lang sai che.gba
古惑狼泰坦.gba, gu huo lang tai tan.gba
古墓丽影-传奇.gba, gu mu li ying - chuan qi.gba
古墓丽影-预言.gba, gu mu li ying - yu yan.gba
怪兽小屋.gba, guai shou xiao wu.gba
怪物守护者.gba, guai wu shou hu zhe.gba
怪物召唤士.gba, guai wu zhao huan shi.gba
光明力量-暗黑龙的复活.gba, guang ming li liang - an hei long de fu huo.gba
光明之魂1.gba, guang ming zhi hun 1.gba
光明之魂2.gba, guang ming zhi hun 2.gba
鬼太郎-危机一发!妖怪列岛.gba, gui tai lang - wei ji yi fa ! yao guai lie dao.gba
鬼舞者战略版.gba, gui wu zhe zhan lve ban.gba
鬼眼狂刀-京.gba, gui yan kuang dao - jing.gba
哈利波特和密室.gba, ha li bo te he mi shi.gba
哈利波特与阿兹卡班的囚徒.gba, ha li bo te yu a zi ka ban de qiu tu.gba
哈姆太郎4-虹色大行进.gba, ha mu tai lang 4- hong se da xing jin.gba
哈欠妖怪.gba, ha qian yao guai.gba
海绵宝宝-笨伯.gba, hai mian bao bao - ben bo.gba
海绵宝宝-火山岛之战.gba, hai mian bao bao - huo shan dao zhi zhan.gba
海绵宝宝-亚特兰蒂斯.gba, hai mian bao bao - ya te lan di si.gba
海贼王-棒球进行曲.gba, hai zei wang - bang qiu jin xing qu.gba
海贼王-目标赏金王.gba, hai zei wang - mu biao shang jin wang.gba
海贼王-少年跳跃.gba, hai zei wang - shao nian tiao yue.gba
捍卫战士.gba, han wei zhan shi.gba
合金弹头A.gba, he jin dan tou A.gba
合金射击者.gba, he jin she ji zhe.gba
花火大会.gba, hua huo da hui.gba
幻想传说.gba, huan xiang chuan shuo.gba
皇家骑士团外传-罗迪斯的骑士.gba, huang jia qi shi tuan wai zhuan - luo di si de qi shi.gba
黄金太阳1-开启的封印.gba, huang jin tai yang 1- kai qi de feng yin.gba
黄金太阳2-失落的时代.gba, huang jin tai yang 2- shi luo de shi dai.gba
毁灭公爵A.gba, hui mie gong jue A.gba
魂斗罗-异型战争EX.gba, hun dou luo - yi xing zhan zheng EX.gba
火焰之纹章-封印之剑.gba, huo yan zhi wen zhang - feng yin zhi jian.gba
火焰之纹章-烈火之剑.gba, huo yan zhi wen zhang - lie huo zhi jian.gba
火焰之纹章-圣魔之光石.gba, huo yan zhi wen zhang - sheng mo zhi guang shi.gba
火影忍者-木叶战记.gba, huo ying ren zhe - mu ye zhan ji.gba
火影忍者-最强忍者大集合1.gba, huo ying ren zhe - zui qiang ren zhe da ji he 1.gba
火影忍者-最强忍者大集合2.gba, huo ying ren zhe - zui qiang ren zhe da ji he 2.gba
机动战士高达SEED DESTINY.gba, ji dong zhan shi gao da SEED DESTINY.gba
机动战士高达SEED-友情篇.gba, ji dong zhan shi gao da SEED- you qing pian.gba
激斗!英雄奥特曼.gba, ji dou ! ying xiong ao te man.gba
几何世代-点点潮流.gba, ji he shi dai - dian dian chao liu.gba
寂静岭.gba, ji jing ling.gba
极品飞车-卡本峡谷.gba, ji pin fei che - ka ben xia gu.gba
机器猫-绿之惑星拯救作战.gba, ji qi mao - lv zhi huo xing zheng jiu zuo zhan.gba
机械化军队.gba, ji xie hua jun dui.gba
加勒比海盗2-亡者财宝.gba, jia le bi hai dao 2- wang zhe cai bao.gba
加勒比海盗.gba, jia le bi hai dao.gba
简单2960第三集-星光魔法使.gba, jian dan 2960 di san ji - xing guang mo fa shi.gba
简单2960第一集-桌面游戏.gba, jian dan 2960 di yi ji - zhuo mian you xi.gba
简单说英语1.gba, jian dan shuo ying yu 1.gba
简单说英语2.gba, jian dan shuo ying yu 2.gba
节奏天国.gba, jie zou tian guo.gba
禁货猎人-时空的冒险者.gba, jin huo lie ren - shi kong de mao xian zhe.gba
究极截拳道-金太郎的复仇.gba, jiu ji jie quan dao - jin tai lang de fu chou.gba
决战猩球.gba, jue zhan xing qiu.gba
卡片聚会.gba, ka pian ju hui.gba
科纳米哇哇赛车.gba, ke na mi wa wa sai che.gba
恐龙猎人-进化.gba, kong long lie ren - jin hua.gba
快打旋风ONE.gba, kuai da xuan feng ONE.gba
蜡笔小新1-电影乐园大冒险!.gba, la bi xiao xin 1- dian ying le yuan da mao xian !.gba
蜡笔小新2.gba, la bi xiao xin 2.gba
乐高星球大战.gba, le gao xing qiu da zhan.gba
乐尼通大冒险.gba, le ni tong da mao xian.gba
雷曼1.gba, lei man 1.gba
雷曼2-阿飞复仇.gba, lei man 2- a fei fu chou.gba
雷曼3.gba, lei man 3.gba
雷曼4-疯狂兔子.gba, lei man 4- feng kuang tu zi.gba
雷鸟.gba, lei niao.gba
雷霆之刃直升机.gba, lei ting zhi ren zhi sheng ji.gba
雷霆之音.gba, lei ting zhi yin.gba
李小龙-英雄再现.gba, li xiao long - ying xiong zai xian.gba
炼金术士玛丽艾莉&安丝的工作室-风之传言.gba, lian jin shu shi ma li ai li & an si de gong zuo shi - feng zhi chuan yan.gba
烈火之炎.gba, lie huo zhi yan.gba
龙战士-火焰之气息.gba, long zhan shi - huo yan zhi qi xi.gba
龙战士2-使命之子.gba, long zhan shi 2- shi ming zhi zi.gba
龙珠GT-变身.gba, long zhu GT- bian shen.gba
龙珠Z-布欧的愤怒.gba, long zhu Z- bu ou de fen nu.gba
龙珠Z-对决.gba, long zhu Z- dui jue.gba
龙珠Z-悟空的遗产2.gba, long zhu Z- wu kong de yi chan 2.gba
龙珠Z-悟空的遗产.gba, long zhu Z- wu kong de yi chan.gba
龙珠Z-舞空斗剧.gba, long zhu Z- wu kong dou ju.gba
龙珠大冒险.gba, long zhu da mao xian.gba
陆行鸟大陆-骰子游戏.gba, lu xing niao da lu - tou zi you xi.gba
洛克人ZERO1.gba, luo ke ren ZERO1.gba
洛克人ZERO2.gba, luo ke ren ZERO2.gba
洛克人ZERO3.gba, luo ke ren ZERO3.gba
洛克人ZERO4.gba, luo ke ren ZERO4.gba
洛克人网络大战EXE2.gba, luo ke ren wang luo da zhan EXE2.gba
洛克人网络战斗EXE1.gba, luo ke ren wang luo zhan dou EXE1.gba
洛克人与佛鲁迪.gba, luo ke ren yu fu lu di.gba
洛克人战斗网络EXE3-黄版.gba, luo ke ren zhan dou wang luo EXE3- huang ban.gba
洛克人战斗网络EXE4-蓝月亮.gba, luo ke ren zhan dou wang luo EXE4- lan yue liang.gba
螺旋破坏者-轰振钻子.gba, luo xuan po huai zhe - hong zhen zuan zi.gba
马里奥VS大金刚.gba, ma li ao VS da jin gang.gba
马里奥弹珠台.gba, ma li ao dan zhu tai.gba
马里奥赛车A超级巡回赛.gba, ma li ao sai che A chao ji xun hui sai.gba
马里奥与路易RPG.gba, ma li ao yu lu yi RPG.gba
麻雀刑事.gba, ma que xing shi.gba
漫画地带.gba, man hua di dai.gba
妹妹公主.gba, mei mei gong zhu.gba
米老鼠1-魔法传说.gba, mi lao shu 1- mo fa chuan shuo.gba
米老鼠2-神秘马戏团.gba, mi lao shu 2- shen mi ma xi tuan.gba
米老鼠3-米老鼠和唐老鸭.gba, mi lao shu 3- mi lao shu he tang lao ya.gba
迷你Q版赛车2代变速齿轮之公路旅行.gba, mi ni Q ban sai che 2 dai bian su chi lun zhi gong lu lv xing.gba
名侦探柯南-被阻击的名侦探.gba, ming zhen tan ke nan - bei zu ji de ming zhen tan.gba
名侦探柯南-黎明之碑.gba, ming zhen tan ke nan - li ming zhi bei.gba
摩登原始人.gba, mo deng yuan shi ren.gba
魔法老师涅吉!-私人授课2.gba, mo fa lao shi nie ji !- si ren shou ke 2.gba
魔法气泡大会战.gba, mo fa qi pao da hui zhan.gba
模拟大楼SP.gba, mo ni da lou SP.gba
模拟人生-上流社会.gba, mo ni ren sheng - shang liu she hui.gba
牧场物语-矿石镇的伙伴们-女孩篇.gba, mu chang wu yu - kuang shi zhen de huo ban men - nv hai pian.gba
牧场物语-矿石镇的朋友们.gba, mu chang wu yu - kuang shi zhen de peng you men.gba
拿破仑.gba, na po lun.gba
尼克通海绵宝宝和朋友们-玩具机器人来袭.gba, ni ke tong hai mian bao bao he peng you men - wan ju ji qi ren lai xi.gba
逆转裁判2.gba, ni zhuan cai pan 2.gba
逆转裁判3.gba, ni zhuan cai pan 3.gba
逆转裁判.gba, ni zhuan cai pan.gba
鸟人战队-荒野力量.gba, niao ren zhan dui - huang ye li liang.gba
鸟人战队-金刚战士S.P.D..gba, niao ren zhan dui - jin gang zhan shi S.P.D..gba
鸟人战队-巨龙雷鸣.gba, niao ren zhan dui - ju long lei ming.gba
鸟人战队-时空大作战.gba, niao ren zhan dui - shi kong da zuo zhan.gba
鸟人战队-武士风暴.gba, niao ren zhan dui - wu shi feng bao.gba
喷气女孩-魔女啾啾Go.gba, pen qi nv hai - mo nv jiu jiu Go.gba
汽车总动员-全国大赛.gba, qi che zong dong yuan - quan guo da sai.gba
奇奇怪界.gba, qi qi guai jie.gba
敲击天堂之门.gba, qiao ji tian tang zhi men.gba
琴音笛声-格兰蒂的复仇.gba, qin yin di sheng - ge lan di de fu chou.gba
轻松玩欢乐足球.gba, qing song wan huan le zu qiu.gba
青蛙冒险2-魔法国大冒险.gba, qing wa mao xian 2- mo fa guo da mao xian.gba
蚯蚓战士2.gba, qiu yin zhan shi 2.gba
拳皇EX-新血.gba, quan huang EX- xin xue.gba
拳皇EX2-嚎叫的血液.gba, quan huang EX2- hao jiao de xue ye.gba
热血物语EX.gba, re xue wu yu EX.gba
任天堂博物馆4.gba, ren tian tang bo wu guan 4.gba
人形电脑天使心.gba, ren xing dian nao tian shi xin.gba
人鱼旋律.gba, ren yu xuan lv.gba
忍者神龟2-并肩作战.gba, ren zhe shen gui 2- bing jian zuo zhan.gba
忍者神龟.gba, ren zhe shen gui.gba
忍者刑警.gba, ren zhe xing jing.gba
荣誉勋章-地下抵抗.gba, rong yu xun zhang - di xia di kang.gba
荣誉勋章-渗透者.gba, rong yu xun zhang - shen tou zhe.gba
塞尔达传说-缩小帽.gba, sai er da chuan shuo - suo xiao mao.gba
塞尔达传说-众神的三角力量与四人之剑.gba, sai er da chuan shuo - zhong shen de san jiao li liang yu si ren zhi jian.gba
三国志孔明传.gba, san guo zhi kong ming chuan.gba
三国志英杰传.gba, san guo zhi ying jie chuan.gba
三国志.gba, san guo zhi.gba
沙罗曼蛇.gba, sha luo man she.gba
闪灵二人组-地狱的丑角.gba, shan ling er ren zu - di yu de chou jue.gba
上海.gba, shang hai.gba
少年街霸3.gba, shao nian jie ba 3.gba
神奇四侠.gba, shen qi si xia.gba
神探佳杰特-高级任务.gba, shen tan jia jie te - gao ji ren wu.gba
神探佳杰特-赛车.gba, shen tan jia jie te - sai che.gba
神游极速零式未来赛车.gba, shen you ji su ling shi wei lai sai che.gba
圣诞惊魂夜.gba, sheng dan jing hun ye.gba
圣诞老人.gba, sheng dan lao ren.gba
生化危机2.gba, sheng hua wei ji 2.gba
胜利11人-实况足球.gba, sheng li 11 ren - shi kuang zu qiu.gba
世嘉拉力锦标赛车.gba, shi jia la li jin biao sai che.gba
世界传说-召唤者之血统.gba, shi jie chuan shuo - zhao huan zhe zhi xue tong.gba
守护英雄A.gba, shou hu ying xiong A.gba
数码宝贝-格斗之魂1.gba, shu ma bao bei - ge dou zhi hun 1.gba
数码宝贝-格斗之魂2.gba, shu ma bao bei - ge dou zhi hun 2.gba
双截龙.gba, shuang jie long.gba
死神 血染尸魂界.gba, si shen xue ran shi hun jie.gba
索尼克2.gba, suo ni ke 2.gba
索尼克3.gba, suo ni ke 3.gba
索尼克大冒险.gba, suo ni ke da mao xian.gba
索尼克战斗.gba, suo ni ke zhan dou.gba
太空频道5-舞啦啦之炫耀攻击.gba, tai kong pin dao 5- wu la la zhi xuan yao gong ji.gba
太空入侵者EX.gba, tai kong ru qin zhe EX.gba
太空战斗机R.gba, tai kong zhan dou ji R.gba
汤姆和杰利-逃出地狱.gba, tang mu he jie li - tao chu di yu.gba
汤姆和杰瑞-魔法铃铛.gba, tang mu he jie rui - mo fa ling dang.gba
淘金者.gba, tao jin zhe.gba
桃太郎电铁G!.gba, tao tai lang dian tie G!.gba
特技人.gba, te ji ren.gba
特鲁尼克大冒险2-不可思议的迷宫.gba, te lu ni ke da mao xian 2- bu ke si yi de mi gong.gba
特鲁尼克大冒险3-不可思议的迷宫.gba, te lu ni ke da mao xian 3- bu ke si yi de mi gong.gba
天才爷爷-史上最强之土下座.gba, tian cai ye ye - shi shang zui qiang zhi tu xia zuo.gba
天外魔境-青之天外.gba, tian wai mo jing - qing zhi tian wai.gba
铁臂阿童木-阿童木心之秘密.gba, tie bi a tong mu - a tong mu xin zhi mi mi.gba
铁拳.gba, tie quan.gba
通灵王-精神大师2.gba, tong ling wang - jing shen da shi 2.gba
通灵王-精神大师.gba, tong ling wang - jing shen da shi.gba
通勤一笔.gba, tong qin yi bi.gba
头文字D赛车-另一个故事.gba, tou wen zi D sai che - ling yi ge gu shi.gba
瓦里奥世界4.gba, wa li ao shi jie 4.gba
瓦里奥制造.gba, wa li ao zhi zao.gba
外星人-着陆.gba, wai xing ren - zhuo lu.gba
玩具军人-草场的战争.gba, wan ju jun ren - cao chang de zhan zheng.gba
王国之心-记忆之链.gba, wang guo zhi xin - ji yi zhi lian.gba
网球王子-光荣之金.gba, wang qiu wang zi - guang rong zhi jin.gba
网球王子-时尚之银.gba, wang qiu wang zi - shi shang zhi yin.gba
网球王子-天才少年学院.gba, wang qiu wang zi - tian cai shao nian xue yuan.gba
网球王子2003-冰蓝版.gba, wang qiu wang zi 2003- bing lan ban.gba
网球王子2003-火红版.gba, wang qiu wang zi 2003- huo hong ban.gba
卧虎藏龙.gba, wo hu cang long.gba
我们的太阳1.gba, wo men de tai yang 1.gba
我们的太阳2.gba, wo men de tai yang 2.gba
我们的太阳3-萨巴塔的逆袭.gba, wo men de tai yang 3- sa ba ta de ni xi.gba
无敌风火轮赛车-障碍挑战赛.gba, wu di feng huo lun sai che - zhang ai tiao zhan sai.gba
舞之刃-闪光.gba, wu zhi ren - shan guang.gba
侠盗猎车手.gba, xia dao lie che shou.gba
小飞侠-回到梦不落帝国.gba, xiao fei xia - hui dao meng bu luo di guo.gba
小龙斯派罗-冰冻的季节.gba, xiao long si pai luo - bing dong de ji jie.gba
小龙斯派罗-瑞诺西斯的攻击.gba, xiao long si pai luo - rui nuo xi si de gong ji.gba
小龙斯派罗-友情大作战!.gba, xiao long si pai luo - you qing da zuo zhan !.gba
小龙斯派罗2-火焰的季节.gba, xiao long si pai luo 2- huo yan de ji jie.gba
小蚁雄兵-极限赛车.gba, xiao yi xiong bing - ji xian sai che.gba
携带电兽2-力量版.gba, xie dai dian shou 2- li liang ban.gba
携带电兽2-速度版.gba, xie dai dian shou 2- su du ban.gba
心跳烹饪-美味厨房.gba, xin tiao peng ren - mei wei chu fang.gba
新约圣剑传说.gba, xin yue sheng jian chuan shuo.gba
信长异闻录.gba, xin zhang yi wen lu.gba
星域毁灭者2173-遗嘱.gba, xing yu hui mie zhe 2173- yi zhu.gba
幸运枪手路克-通缉犯.gba, xing yun qiang shou lu ke - tong ji fan.gba
星之卡比-镜之谜宫.gba, xing zhi ka bi - jing zhi mi gong.gba
星之卡比-梦之泉蒂拉克丝.gba, xing zhi ka bi - meng zhi quan di la ke si.gba
虚拟网球.gba, xu ni wang qiu.gba
异次元敌人.gba, yi ci yuan di ren.gba
伊登战机II.gba, yi deng zhan ji II.gba
伊登战机.gba, yi deng zhan ji.gba
银河战机.gba, yin he zhan ji.gba
银河战士1.gba, yin he zhan shi 1.gba
银河战士2-零点任务.gba, yin he zhan shi 2- ling dian ren wu.gba
银河之星-露娜传奇.gba, yin he zhi xing - lu na chuan qi.gba
英雄本色-马克思·佩恩.gba, ying xiong ben se - ma ke si · pei en.gba
勇者斗恶龙怪物篇3-旅团之心.gba, yong zhe dou e long guai wu pian 3- lv tuan zhi xin.gba
尤古朵拉公主联盟.gba, you gu duo la gong zhu lian meng.gba
友情足球4v4-得分!!.gba, you qing zu qiu 4v4- de fen !!.gba
游戏王-怪兽决斗国际版2.gba, you xi wang - guai shou jue dou guo ji ban 2.gba
游戏王-目标决斗王怪兽GX!.gba, you xi wang - mu biao jue dou wang guai shou GX!.gba
游戏王-世界锦标赛2004.gba, you xi wang - shi jie jin biao sai 2004.gba
游戏王8-破灭之大邪神.gba, you xi wang 8- po mie zhi da xie shen.gba
游戏王Expert3.gba, you xi wang Expert3.gba
游戏王UM2006.gba, you xi wang UM2006.gba
游戏王国际版.gba, you xi wang guo ji ban.gba
约束之地Riviera.gba, yue shu zhi di Riviera.gba
炸弹人马克思2-红版.gba, zha dan ren ma ke si 2- hong ban.gba
炸弹人马克思2-蓝版.gba, zha dan ren ma ke si 2- lan ban.gba
战国革命外传.gba, zhan guo ge ming wai zhuan.gba
詹姆斯邦德007-谁与争锋007.gba, zhan mu si bang de 007- shui yu zheng feng 007.gba
詹姆斯邦德007-夜火.gba, zhan mu si bang de 007- ye huo.gba
召唤之夜-铸剑物语-起源之石.gba, zhao huan zhi ye - zhu jian wu yu - qi yuan zhi shi.gba
召唤之夜-铸剑物语2.gba, zhao huan zhi ye - zhu jian wu yu 2.gba
召唤之夜-铸剑物语.gba, zhao huan zhi ye - zhu jian wu yu.gba
真女神转生.gba, zhen nv shen zhuan sheng.gba
真人快打-致命联盟.gba, zhen ren kuai da - zhi ming lian meng.gba
侦探神宫寺三郎-白影少女.gba, zhen tan shen gong si san lang - bai ying shao nv.gba
侦探学院Q-名侦探就是你!.gba, zhen tan xue yuan Q- ming zhen tan jiu shi ni !.gba
真·三国无双.gba, zhen · san guo wu shuang.gba
正邪幻想曲Zero.gba, zheng xie huan xiang qu Zero.gba
指环王-王者归来.gba, zhi huan wang - wang zhe gui lai.gba
植木的法则.gba, zhi mu de fa ze.gba
蜘蛛人-未知的威胁.gba, zhi zhu ren - wei zhi de wei xie.gba
蜘蛛侠-纽约之战.gba, zhi zhu xia - niu yue zhi zhan.gba
终结者3机器的崛起.gba, zhong jie zhe 3 ji qi de jue qi.gba
重装机兵2·改.gba, zhong zhuang ji bing 2· gai.gba
重装骑士-闪光英雄的诞生!.gba, zhong zhuang qi shi - shan guang ying xiong de dan sheng !.gba
侏罗纪公园3-DNA基因.gba, zhu luo ji gong yuan 3-DNA ji yin.gba
转转棒.gba, zhuan zhuan bang.gba
捉鬼特工队-Ecto-1行动.gba, zhuo gui te gong dui -Ecto-1 xing dong.gba
钻地小子-不可思议的细菌.gba, zuan di xiao zi - bu ke si yi de xi jun.gba
罪恶克星X.gba, zui e ke xing X.gba
最终幻想1+2-魂之黎明.gba, zui zhong huan xiang 1+2- hun zhi li ming.gba
最终幻想4.gba, zui zhong huan xiang 4.gba
最終幻想5.gba, zui zhong huan xiang 5.gba
最终幻想六代.gba, zui zhong huan xiang liu dai.gba
最终幻想战略版.gba, zui zhong huan xiang zhan lve ban.gba
