METALMAX3.zip,METALMAX3.zip
超级机器人大战W.zip,chao ji ji qi ren da zhan W.zip
超执刀2.zip,chao zhi dao 2.zip
超执刀.zip,chao zhi dao.zip
恶魔城 被夺的刻印.zip,e mo cheng bei duo de ke yin.zip
恶魔城 苍月的十字架.zip,e mo cheng cang yue de shi zi jia.zip
恶魔城 废墟的肖像.zip,e mo cheng fei xu de xiao xiang.zip
恶魔幸存者2.zip,e mo xing cun zhe 2.zip
二之国.zip,er zhi guo.zip
符文工房3.zip,fu wen gong fang 3.zip
钢之炼金术师.zip,gang zhi lian jin shu shi.zip
高级战争 毁灭日.zip,gao ji zhan zheng hui mie ri.zip
高级战争 双重打击.zip,gao ji zhan zheng shuang chong da ji.zip
高速卡片战斗 卡片英雄.zip,gao su ka pian zhan dou ka pian ying xiong.zip
鬼魂力量 创世纪.zip,gui hun li liang chuang shi ji.zip
海贼王 巨人战争.zip,hai zei wang ju ren zhan zheng.zip
黄金太阳 漆黑的黎明.zip,huang jin tai yang qi hei de li ming.zip
火焰纹章 新纹章之谜 光与影的英雄.zip,huo yan wen zhang xin wen zhang zhi mi guang yu ying de ying xiong.zip
节奏天国 黄金版.zip,jie zou tian guo huang jin ban.zip
金田一少年事件簿 恶魔之杀人航海.zip,jin tian yi shao nian shi jian bu e mo zhi sha ren hang hai.zip
口袋妖怪白1汉化版.zip,kou dai yao guai bai 1 han hua ban.zip
口袋妖怪黑 第二代.zip,kou dai yao guai hei di er dai.zip
蓝龙PLUS.zip,lan long PLUS.zip
雷顿教授与不可思议的小镇.zip,lei dun jiao shou yu bu ke si yi de xiao zhen.zip
雷顿教授与恶魔之箱.zip,lei dun jiao shou yu e mo zhi xiang.zip
雷顿教授与魔神之笛.zip,lei dun jiao shou yu mo shen zhi di.zip
雷顿教授与最后的时间旅行.zip,lei dun jiao shou yu zui hou de shi jian lv xing.zip
洛克人ZX Advent.zip,luo ke ren ZX Advent.zip
洛克人 ZX.zip,luo ke ren ZX.zip
美少女麻将3.zip,mei shao nv ma jiang 3.zip
逆转裁判4.zip,ni zhuan cai pan 4.zip
逆转裁判 复苏的逆转.zip,ni zhuan cai pan fu su de ni zhuan.zip
逆转检事2.zip,ni zhuan jian shi 2.zip
逆转检事.zip,ni zhuan jian shi.zip
忍者龙剑传 龙剑.zip,ren zhe long jian chuan long jian.zip
塞尔达传说 大地的汽笛.zip,sai er da chuan shuo da di de qi di.zip
塞尔达传说 幻影沙漏.zip,sai er da chuan shuo huan ying sha lou.zip
塞尔达传说 灵魂轨迹.zip,sai er da chuan shuo ling hun gui ji.zip
神探伽利略.zip,shen tan jia li lve.zip
斯隆与马克贝尔的谜之物语2.zip,si long yu ma ke bei er de mi zhi wu yu 2.zip
斯隆与马克贝尔的谜之物语.zip,si long yu ma ke bei er de mi zhi wu yu.zip
死神DS 追逐苍天的命运.zip,si shen DS zhui zhu cang tian de ming yun.zip
应援团.zip,ying yuan tuan.zip
勇者斗恶龙4.zip,yong zhe dou e long 4.zip
勇者斗恶龙5.zip,yong zhe dou e long 5.zip
勇者斗恶龙6.zip,yong zhe dou e long 6.zip
勇者斗恶龙9.zip,yong zhe dou e long 9.zip
幽灵侦探.zip,you ling zhen tan.zip
召唤之夜X 泪之皇冠.zip,zhao huan zhi ye X lei zhi huang guan.zip
召唤之夜 双生时代 精灵们的共鸣.zip,zhao huan zhi ye shuang sheng shi dai jing ling men de gong ming.zip
重装机兵2重制版.zip,zhong zhuang ji bing 2 zhong zhi ban.zip
最终幻想3.zip,zui zhong huan xiang 3.zip
最终幻想4.zip,zui zhong huan xiang 4.zip
最终幻想外传 光之四战士.zip,zui zhong huan xiang wai zhuan guang zhi si zhan shi.zip
最终幻想战略版A2封穴的魔法书.zip,zui zhong huan xiang zhan lve ban A2 feng xue de mo fa shu.zip
