007 决斗.gg,007 jue dou.gg
F-15飞鹰.gg,F-15 fei ying.gg
NBA Jam TE.gg,NBA Jam TE.gg
Shaq Fu.gg,Shaq Fu.gg
VRսʿ.gg,VRսʿ.gg
X战警1.gg,X zhan jing 1.gg
X战警2.gg,X zhan jing 2.gg
X战警3.gg,X zhan jing 3.gg
阿拉丁.gg,a la ding.gg
蝙蝠侠1.gg,bian fu xia 1.gg
蝙蝠侠2.gg,bian fu xia 2.gg
蝙蝠侠3.gg,bian fu xia 3.gg
波斯王子.gg,bo si wang zi.gg
仓库番.gg,cang ku fan.gg
超级忍1.gg,chao ji ren 1.gg
超级忍2.gg,chao ji ren 2.gg
超人.gg,chao ren.gg
吃豆小精灵.gg,chi dou xiao jing ling.gg
出击飞龙.gg,chu ji fei long.gg
饿狼传说特别版.gg,e lang chuan shuo te bie ban.gg
钢铁侠.gg,gang tie xia.gg
格里芬.gg,ge li fen.gg
哥斯拉.gg,ge si la.gg
怪物卡车大战.gg,guai wu ka che da zhan.gg
怪物世界2.gg,guai wu shi jie 2.gg
灌篮高手.gg,guan lan gao shou.gg
光明力量外传1.gg,guang ming li liang wai zhuan 1.gg
光明力量外传2.gg,guang ming li liang wai zhuan 2.gg
光明力量外传3.gg,guang ming li liang wai zhuan 3.gg
鬼神童子.gg,gui shen tong zi.gg
海豚历险记1.gg,hai tun li xian ji 1.gg
海豚历险记2.gg,hai tun li xian ji 2.gg
滑雪者.gg,hua xue zhe.gg
环游世界.gg,huan you shi jie.gg
火枪英雄.gg,huo qiang ying xiong.gg
机甲战士.gg,ji jia zhan shi.gg
机械战警3.gg,ji xie zhan jing 3.gg
机械战警对终结者.gg,ji xie zhan jing dui zhong jie zhe.gg
蜡笔小新.gg,la bi xiao xin.gg
浪潮武士.gg,lang chao wu shi.gg
露娜.gg,lu na.gg
洛克人.gg,luo ke ren.gg
猫和老鼠.gg,mao he lao shu.gg
猫捉老鼠.gg,mao zhuo lao shu.gg
美人鱼.gg,mei ren yu.gg
美少女战士.gg,mei shao nv zhan shi.gg
梦幻之星冒险.gg,meng huan zhi xing mao xian.gg
梦幻之星外传.gg,meng huan zhi xing wai zhuan.gg
米老鼠 魔法师.gg,mi lao shu mo fa shi.gg
米老鼠 王国传说.gg,mi lao shu wang guo chuan shuo.gg
米老鼠 终极挑战.gg,mi lao shu zhong ji tiao zhan.gg
怒之铁拳1.gg,nu zhi tie quan 1.gg
怒之铁拳2.gg,nu zhi tie quan 2.gg
女神转生外传1.gg,nv shen zhuan sheng wai zhuan 1.gg
女神转生外传2.gg,nv shen zhuan sheng wai zhuan 2.gg
泡泡龙.gg,pao pao long.gg
强力战机2.gg,qiang li zhan ji 2.gg
蚯蚓战士.gg,qiu yin zhan shi.gg
忍者龙剑传.gg,ren zhe long jian chuan.gg
忍者蛙.gg,ren zhe wa.gg
上尉密令.gg,shang wei mi ling.gg
侍魂.gg,shi hun.gg
狮子王.gg,shi zi wang.gg
双截龙.gg,shuang jie long.gg
水晶战士.gg,shui jing zhan shi.gg
送报童.gg,song bao tong.gg
索尼克1.gg,suo ni ke 1.gg
索尼克2.gg,suo ni ke 2.gg
索尼克弹珠台.gg,suo ni ke dan zhu tai.gg
索尼克加强版1.gg,suo ni ke jia qiang ban 1.gg
索尼克加强版2.gg,suo ni ke jia qiang ban 2.gg
索尼克迷宫.gg,suo ni ke mi gong.gg
索尼克赛车1.gg,suo ni ke sai che 1.gg
索尼克赛车2.gg,suo ni ke sai che 2.gg
塔尔斯大冒险.gg,ta er si da mao xian.gg
太空哈利.gg,tai kong ha li.gg
唐老鸭1.gg,tang lao ya 1.gg
唐老鸭2.gg,tang lao ya 2.gg
铁头小子.gg,tie tou xiao zi.gg
铁血战士2.gg,tie xue zhan shi 2.gg
外星王子.gg,wai xing wang zi.gg
网球.gg,wang qiu.gg
吸血鬼复苏.gg,xi xue gui fu su.gg
辛普森一家.gg,xin pu sen yi jia.gg
星际旅行1.gg,xing ji lv xing 1.gg
星际旅行2.gg,xing ji lv xing 2.gg
星球大战1.gg,xing qiu da zhan 1.gg
星球大战2.gg,xing qiu da zhan 2.gg
异形3.gg,yi xing 3.gg
异形特攻队.gg,yi xing te gong dui.gg
幽游白书1.gg,you you bai shu 1.gg
幽游白书2.gg,you you bai shu 2.gg
真宝珠小子.gg,zhen bao zhu xiao zi.gg
真人快打1.gg,zhen ren kuai da 1.gg
真人快打2.gg,zhen ren kuai da 2.gg
真人快打3.gg,zhen ren kuai da 3.gg
真实谎言.gg,zhen shi huang yan.gg
蜘蛛侠1.gg,zhi zhu xia 1.gg
蜘蛛侠2.gg,zhi zhu xia 2.gg
蜘蛛侠3.gg,zhi zhu xia 3.gg
终结者1.gg,zhong jie zhe 1.gg
终结者2 街机.gg,zhong jie zhe 2 jie ji.gg
终结者2 审判日.gg,zhong jie zhe 2 shen pan ri.gg
侏罗纪公园.gg,zhu luo ji gong yuan.gg
最后的动作英雄.gg,zui hou de dong zuo ying xiong.gg
