SNK VS CAPCOM 千禧之战.ngp, SNK VS CAPCOM qian xi zhi zhan.ngp
SVC激突卡牌斗士1 CAPCOM篇.ngp, SVC ji tu ka pai dou shi 1 CAPCOM pian.ngp
SVC激突卡牌斗士1 SNK篇.ngp, SVC ji tu ka pai dou shi 1 SNK pian.ngp
SVC激突卡牌斗士2.ngp, SVC ji tu ka pai dou shi 2.ngp
超写真麻将.ngp, chao xie zhen ma jiang.ngp
吃豆人.ngp, chi dou ren.ngp
大联盟高尔夫球.ngp, da lian meng gao er fu qiu.ngp
电车GO! 2.ngp, dian che GO! 2.ngp
饿狼传说.ngp, e lang chuan shuo.ngp
法赛雷.ngp, fa sai lei.ngp
古惑轮滑.ngp, gu huo lun hua.ngp
合金弹头 1号任务.ngp, he jin dan tou 1 hao ren wu.ngp
合金弹头 2号任务.ngp, he jin dan tou 2 hao ren wu.ngp
黑暗兵器 野兽梦魇.ngp, hei an bing qi ye shou meng yan.ngp
皇家骑士团外传.ngp, huang jia qi shi tuan wai zhuan.ngp
绘画拼图.ngp, hui hua pin tu.ngp
机甲世纪1.ngp, ji jia shi ji 1.ngp
机甲世纪2.ngp, ji jia shi ji 2.ngp
加油!NGP君.ngp, jia you !NGP jun.ngp
口袋黑白棋.ngp, kou dai hei bai qi.ngp
口袋酷滑板.ngp, kou dai ku hua ban.ngp
口袋网球.ngp, kou dai wang qiu.ngp
酷酷!杰姆.ngp, ku ku ! jie mu.ngp
老虎机.ngp, lao hu ji.ngp
联结方块1.ngp, lian jie fang kuai 1.ngp
联结方块2.ngp, lian jie fang kuai 2.ngp
龙之荒野.ngp, long zhi huang ye.ngp
洛克人 热斗战士.ngp, luo ke ren re dou zhan shi.ngp
棉花小魔女.ngp, mian hua xiao mo nv.ngp
魔法宝石.ngp, mo fa bao shi.ngp
泡泡龙.ngp, pao pao long.ngp
噗哟噗哟通.ngp, pu yo pu yo tong.ngp
秋之回忆.ngp, qiu zhi hui yi.ngp
拳皇 R-1.ngp, quan huang R-1.ngp
拳皇 R-2.ngp, quan huang R-2.ngp
拳皇 少女格斗家.ngp, quan huang shao nv ge dou jia.ngp
拳皇 战斗天堂.ngp, quan huang zhan dou tian tang.ngp
三角变形.ngp, san jiao bian xing.ngp
上海.ngp, shang hai.ngp
神机世界 进化.ngp, shen ji shi jie jin hua.ngp
侍魂1.ngp, shi hun 1.ngp
侍魂2.ngp, shi hun 2.ngp
世界杯足球98.ngp, shi jie bei zu qiu 98.ngp
索尼克 口袋冒险.ngp, suo ni ke kou dai mao xian.ngp
下潜警报-贝基篇.ngp, xia qian jing bao - bei ji pian.ngp
下潜警报-马特篇.ngp, xia qian jing bao - ma te pian.ngp
仙魔大战2000.ngp, xian mo da zhan 2000.ngp
小瓜子成长日记.ngp, xiao gua zi cheng zhang ri ji.ngp
妖怪写真馆.ngp, yao guai xie zhen guan.ngp
月华剑士.ngp, yue hua jian shi.ngp
职业棒球.ngp, zhi ye bang qiu.ngp
职业摔跤大赛.ngp, zhi ye shuai jiao da sai.ngp
