Rock Band Unplugged (US).iso,Rock Band Unplugged (US).iso
Tactics Ogre - Let Us Cling Together (EU).iso,Tactics Ogre - Let Us Cling Together (EU).iso
怪物猎人3rd 携带版.iso,guai wu lie ren 3rd xie dai ban.iso
皇牌空战 X 诡影苍穹.iso,huang pai kong zhan X gui ying cang qiong.iso
乐克乐克.iso,le ke le ke.iso
露娜 银星和声.iso,lu na yin xing he sheng.iso
女神异闻录3 携带版.iso,nv shen yi wen lu 3 xie dai ban.iso
啪嗒砰3.iso,pa da peng 3.iso
实况足球 10.iso,shi kuang zu qiu 10.iso
英雄传说 空之轨迹.iso,ying xiong chuan shuo kong zhi gui ji.iso
战神 斯巴达之魂.iso,zhan shen si ba da zhi hun.iso
最终幻想7 核心危机.iso,zui zhong huan xiang 7 he xin wei ji.iso
最终幻想 战略版-狮子战争.iso,zui zhong huan xiang zhan lve ban - shi zi zhan zheng.iso
